"Employee External Id","Employee Username","Employee Employee Id","Employee EIN Name","Date","Shift Number","Schedule Type Name","Daily Rule Type Name","Start Time","Start Time Max","End Time","End Time Max","Total Hours","Standard Total Hours","Lunch Min Time","Lunch Max Time","Lunch Paid Time","Lunch Start At","Lunch Start After","Shift Premium","Cost Center 1 External Id","Cost Center 1 Name","Cost Center 2 External Id","Cost Center 2 Name","Cost Center 3 External Id","Cost Center 3 Name","Cost Center 4 External Id","Cost Center 4 Name","Cost Center 5 External Id","Cost Center 5 Name","Cost Center 6 External Id","Cost Center 6 Name","Cost Center 7 External Id","Cost Center 7 Name","Cost Center 8 External Id","Cost Center 8 Name","Cost Center 9 External Id","Cost Center 9 Name","Job External Id","Job Name","Workday Breakdown","Day Type","Is Working"
"","","7602","","15/06/2020","","No Schedule","","","","","","","","","","","","","","","","","","","","","","","","","","","","","","","","","","","",""
"","","8066","","15/06/2020","","No Schedule","","","","","","","","","","","","","","","","","","","","","","","","","","","","","","","","","","","",""
"","","1988","","15/06/2020","","No Schedule","","","","","","","","","","","","","","","","","","","","","","","","","","","","","","","","","","","",""
"","","AABB","","15/06/2020","","No Schedule","","","","","","","","","","","","","","","","","","","","","","","","","","","","","","","","","","","",""
"","","99999","","15/06/2020","","No Schedule","","","","","","","","","","","","","","","","","","","","","","","","","","","","","","","","","","","",""
"","","10053","","15/06/2020","","No Schedule","","","","","","","","","","","","","","","","","","","","","","","","","","","","","","","","","","","",""
"","","14422","","15/06/2020","","No Schedule","","","","","","","","","","","","","","","","","","","","","","","","","","","","","","","","","","","",""
"","","10673","","15/06/2020","","No Schedule","","","","","","","","","","","","","","","","","","","","","","","","","","","","","","","","","","","",""
"","","14230","","15/06/2020","","No Schedule","","","","","","","","","","","","","","","","","","","","","","","","","","","","","","","","","","","",""
"","","13912","","15/06/2020","","No Schedule","","","","","","","","","","","","","","","","","","","","","","","","","","","","","","","","","","","",""
"","","10602","","15/06/2020","","No Schedule","","","","","","","","","","","","","","","","","","","","","","","","","","","","","","","","","","","",""
"","","6447","","15/06/2020","","No Schedule","","","","","","","","","","","","","","","","","","","","","","","","","","","","","","","","","","","",""
"","","14318","","15/06/2020","","No Schedule","","","","","","","","","","","","","","","","","","","","","","","","","","","","","","","","","","","",""
"","","13786","","15/06/2020","","No Schedule","","","","","","","","","","","","","","","","","","","","","","","","","","","","","","","","","","","",""
"","","8503","","15/06/2020","","No Schedule","","","","","","","","","","","","","","","","","","","","","","","","","","","","","","","","","","","",""
"","","11296","","15/06/2020","","No Schedule","","","","","","","","","","","","","","","","","","","","","","","","","","","","","","","","","","","",""
"","","14123","","15/06/2020","","No Schedule","","","","","","","","","","","","","","","","","","","","","","","","","","","","","","","","","","","",""
"","","12324","","15/06/2020","","No Schedule","","","","","","","","","","","","","","","","","","","","","","","","","","","","","","","","","","","",""
"","","9239","","15/06/2020","","No Schedule","","","","","","","","","","","","","","","","","","","","","","","","","","","","","","","","","","","",""
"","","14353","","15/06/2020","","No Schedule","","","","","","","","","","","","","","","","","","","","","","","","","","","","","","","","","","","",""
"","","14476","","15/06/2020","","No Schedule","","","","","","","","","","","","","","","","","","","","","","","","","","","","","","","","","","","",""
"","","2725","","15/06/2020","","No Schedule","","","","","","","","","","","","","","","","","","","","","","","","","","","","","","","","","","","",""
"","","11114","","15/06/2020","","No Schedule","","","","","","","","","","","","","","","","","","","","","","","","","","","","","","","","","","","",""
"","","12573","","15/06/2020","","No Schedule","","","","","","","","","","","","","","","","","","","","","","","","","","","","","","","","","","","",""
"","","14016","","15/06/2020","","No Schedule","","","","","","","","","","","","","","","","","","","","","","","","","","","","","","","","","","","",""
"","","14360","","15/06/2020","","No Schedule","","","","","","","","","","","","","","","","","","","","","","","","","","","","","","","","","","","",""
"","","14022","","15/06/2020","","No Schedule","","","","","","","","","","","","","","","","","","","","","","","","","","","","","","","","","","","",""
"","","14243","","15/06/2020","","No Schedule","","","","","","","","","","","","","","","","","","","","","","","","","","","","","","","","","","","",""
"","","14328","","15/06/2020","","No Schedule","","","","","","","","","","","","","","","","","","","","","","","","","","","","","","","","","","","",""
"","","12347","","15/06/2020","","No Schedule","","","","","","","","","","","","","","","","","","","","","","","","","","","","","","","","","","","",""
"","","14269","","15/06/2020","","No Schedule","","","","","","","","","","","","","","","","","","","","","","","","","","","","","","","","","","","",""
"","","6945","","15/06/2020","","No Schedule","","","","","","","","","","","","","","","","","","","","","","","","","","","","","","","","","","","",""
"","","14297","","15/06/2020","","No Schedule","","","","","","","","","","","","","","","","","","","","","","","","","","","","","","","","","","","",""
"","","14498","","15/06/2020","","No Schedule","","","","","","","","","","","","","","","","","","","","","","","","","","","","","","","","","","","",""
"","","10640","","15/06/2020","","No Schedule","","","","","","","","","","","","","","","","","","","","","","","","","","","","","","","","","","","",""
"","","14349","","15/06/2020","","No Schedule","","","","","","","","","","","","","","","","","","","","","","","","","","","","","","","","","","","",""
"","","11493","","15/06/2020","","No Schedule","","","","","","","","","","","","","","","","","","","","","","","","","","","","","","","","","","","",""
"","","9505","","15/06/2020","","No Schedule","","","","","","","","","","","","","","","","","","","","","","","","","","","","","","","","","","","",""
"","","13748","","15/06/2020","","No Schedule","","","","","","","","","","","","","","","","","","","","","","","","","","","","","","","","","","","",""
"","","14299","","15/06/2020","","No Schedule","","","","","","","","","","","","","","","","","","","","","","","","","","","","","","","","","","","",""
"","","14089","","15/06/2020","","No Schedule","","","","","","","","","","","","","","","","","","","","","","","","","","","","","","","","","","","",""
"","","14518","","15/06/2020","","No Schedule","","","","","","","","","","","","","","","","","","","","","","","","","","","","","","","","","","","",""
"","","14493","","15/06/2020","","No Schedule","","","","","","","","","","","","","","","","","","","","","","","","","","","","","","","","","","","",""
"","","14053","","15/06/2020","","No Schedule","","","","","","","","","","","","","","","","","","","","","","","","","","","","","","","","","","","",""
"","","14455","","15/06/2020","","No Schedule","","","","","","","","","","","","","","","","","","","","","","","","","","","","","","","","","","","",""
"","","14526","","15/06/2020","","No Schedule","","","","","","","","","","","","","","","","","","","","","","","","","","","","","","","","","","","",""
"","","14382","","15/06/2020","","No Schedule","","","","","","","","","","","","","","","","","","","","","","","","","","","","","","","","","","","",""
"","","9167","","15/06/2020","","No Schedule","","","","","","","","","","","","","","","","","","","","","","","","","","","","","","","","","","","",""
"","","12516","","15/06/2020","","No Schedule","","","","","","","","","","","","","","","","","","","","","","","","","","","","","","","","","","","",""
"","","8824","","15/06/2020","","No Schedule","","","","","","","","","","","","","","","","","","","","","","","","","","","","","","","","","","","",""
"","","14525","","15/06/2020","","No Schedule","","","","","","","","","","","","","","","","","","","","","","","","","","","","","","","","","","","",""
"","","14465","","15/06/2020","","No Schedule","","","","","","","","","","","","","","","","","","","","","","","","","","","","","","","","","","","",""
"","","6182","","15/06/2020","","No Schedule","","","","","","","","","","","","","","","","","","","","","","","","","","","","","","","","","","","",""
"","","1732","","15/06/2020","","No Schedule","","","","","","","","","","","","","","","","","","","","","","","","","","","","","","","","","","","",""
"","","7827","","15/06/2020","","No Schedule","","","","","","","","","","","","","","","","","","","","","","","","","","","","","","","","","","","",""
"","","13538","","15/06/2020","","No Schedule","","","","","","","","","","","","","","","","","","","","","","","","","","","","","","","","","","","",""
"","","14527","","15/06/2020","","No Schedule","","","","","","","","","","","","","","","","","","","","","","","","","","","","","","","","","","","",""
"","","12206","","15/06/2020","","No Schedule","","","","","","","","","","","","","","","","","","","","","","","","","","","","","","","","","","","",""
"","","11755","","15/06/2020","","No Schedule","","","","","","","","","","","","","","","","","","","","","","","","","","","","","","","","","","","",""
"","","13928","","15/06/2020","","No Schedule","","","","","","","","","","","","","","","","","","","","","","","","","","","","","","","","","","","",""
"","","13923","","15/06/2020","","No Schedule","","","","","","","","","","","","","","","","","","","","","","","","","","","","","","","","","","","",""
"","","13952","","15/06/2020","","No Schedule","","","","","","","","","","","","","","","","","","","","","","","","","","","","","","","","","","","",""
"","","7058","","15/06/2020","","No Schedule","","","","","","","","","","","","","","","","","","","","","","","","","","","","","","","","","","","",""
"","","14467","","15/06/2020","","No Schedule","","","","","","","","","","","","","","","","","","","","","","","","","","","","","","","","","","","",""
"","","8580","","15/06/2020","","No Schedule","","","","","","","","","","","","","","","","","","","","","","","","","","","","","","","","","","","",""
"","","14485","","15/06/2020","","No Schedule","","","","","","","","","","","","","","","","","","","","","","","","","","","","","","","","","","","",""
"","","13985","","15/06/2020","","No Schedule","","","","","","","","","","","","","","","","","","","","","","","","","","","","","","","","","","","",""
"","","11262","","15/06/2020","","No Schedule","","","","","","","","","","","","","","","","","","","","","","","","","","","","","","","","","","","",""
"","","14503","","15/06/2020","","No Schedule","","","","","","","","","","","","","","","","","","","","","","","","","","","","","","","","","","","",""
"","","14287","","15/06/2020","","No Schedule","","","","","","","","","","","","","","","","","","","","","","","","","","","","","","","","","","","",""
"","","13706","","15/06/2020","","No Schedule","","","","","","","","","","","","","","","","","","","","","","","","","","","","","","","","","","","",""
"","","11209","","15/06/2020","","No Schedule","","","","","","","","","","","","","","","","","","","","","","","","","","","","","","","","","","","",""
"","","12092","","15/06/2020","","No Schedule","","","","","","","","","","","","","","","","","","","","","","","","","","","","","","","","","","","",""
"","","14412","","15/06/2020","","No Schedule","","","","","","","","","","","","","","","","","","","","","","","","","","","","","","","","","","","",""
"","","12623","","15/06/2020","","No Schedule","","","","","","","","","","","","","","","","","","","","","","","","","","","","","","","","","","","",""
"","","14342","","15/06/2020","","No Schedule","","","","","","","","","","","","","","","","","","","","","","","","","","","","","","","","","","","",""
"","","14466","","15/06/2020","","No Schedule","","","","","","","","","","","","","","","","","","","","","","","","","","","","","","","","","","","",""
"","","13399","","15/06/2020","","No Schedule","","","","","","","","","","","","","","","","","","","","","","","","","","","","","","","","","","","",""
"","","14522","","15/06/2020","","No Schedule","","","","","","","","","","","","","","","","","","","","","","","","","","","","","","","","","","","",""
"","","12906","","15/06/2020","","No Schedule","","","","","","","","","","","","","","","","","","","","","","","","","","","","","","","","","","","",""
"","","13799","","15/06/2020","","No Schedule","","","","","","","","","","","","","","","","","","","","","","","","","","","","","","","","","","","",""
"","","14438","","15/06/2020","","No Schedule","","","","","","","","","","","","","","","","","","","","","","","","","","","","","","","","","","","",""
"","","13268","","15/06/2020","","No Schedule","","","","","","","","","","","","","","","","","","","","","","","","","","","","","","","","","","","",""
"","","14326","","15/06/2020","","No Schedule","","","","","","","","","","","","","","","","","","","","","","","","","","","","","","","","","","","",""
"","","13566","","15/06/2020","","No Schedule","","","","","","","","","","","","","","","","","","","","","","","","","","","","","","","","","","","",""
"","","12913","","15/06/2020","","No Schedule","","","","","","","","","","","","","","","","","","","","","","","","","","","","","","","","","","","",""
"","","13677","","15/06/2020","","No Schedule","","","","","","","","","","","","","","","","","","","","","","","","","","","","","","","","","","","",""
"","","14528","","15/06/2020","","No Schedule","","","","","","","","","","","","","","","","","","","","","","","","","","","","","","","","","","","",""
"","","14374","","15/06/2020","","No Schedule","","","","","","","","","","","","","","","","","","","","","","","","","","","","","","","","","","","",""
"","","13014","","15/06/2020","","No Schedule","","","","","","","","","","","","","","","","","","","","","","","","","","","","","","","","","","","",""
"","","14291","","15/06/2020","","No Schedule","","","","","","","","","","","","","","","","","","","","","","","","","","","","","","","","","","","",""
"","","10052","","15/06/2020","","No Schedule","","","","","","","","","","","","","","","","","","","","","","","","","","","","","","","","","","","",""
"","","13423","","15/06/2020","","No Schedule","","","","","","","","","","","","","","","","","","","","","","","","","","","","","","","","","","","",""
"","","13754","","15/06/2020","","No Schedule","","","","","","","","","","","","","","","","","","","","","","","","","","","","","","","","","","","",""
"","","13678","","15/06/2020","","No Schedule","","","","","","","","","","","","","","","","","","","","","","","","","","","","","","","","","","","",""
"","","12583","","15/06/2020","","No Schedule","","","","","","","","","","","","","","","","","","","","","","","","","","","","","","","","","","","",""
"","","6398","","15/06/2020","","No Schedule","","","","","","","","","","","","","","","","","","","","","","","","","","","","","","","","","","","",""
"","","13277","","15/06/2020","","No Schedule","","","","","","","","","","","","","","","","","","","","","","","","","","","","","","","","","","","",""
"","","14278","","15/06/2020","","No Schedule","","","","","","","","","","","","","","","","","","","","","","","","","","","","","","","","","","","",""
"","","9586","","15/06/2020","","No Schedule","","","","","","","","","","","","","","","","","","","","","","","","","","","","","","","","","","","",""
"","","12406","","15/06/2020","","No Schedule","","","","","","","","","","","","","","","","","","","","","","","","","","","","","","","","","","","",""
"","","14420","","15/06/2020","","No Schedule","","","","","","","","","","","","","","","","","","","","","","","","","","","","","","","","","","","",""
"","","12671","","15/06/2020","","No Schedule","","","","","","","","","","","","","","","","","","","","","","","","","","","","","","","","","","","",""
"","","10039","","15/06/2020","","No Schedule","","","","","","","","","","","","","","","","","","","","","","","","","","","","","","","","","","","",""
"","","14437","","15/06/2020","","No Schedule","","","","","","","","","","","","","","","","","","","","","","","","","","","","","","","","","","","",""
"","","11151","","15/06/2020","","No Schedule","","","","","","","","","","","","","","","","","","","","","","","","","","","","","","","","","","","",""
"","","14343","","15/06/2020","","No Schedule","","","","","","","","","","","","","","","","","","","","","","","","","","","","","","","","","","","",""
"","","82","","15/06/2020","","No Schedule","","","","","","","","","","","","","","","","","","","","","","","","","","","","","","","","","","","",""
"","","10711","","15/06/2020","","No Schedule","","","","","","","","","","","","","","","","","","","","","","","","","","","","","","","","","","","",""
"","","12061","","15/06/2020","","No Schedule","","","","","","","","","","","","","","","","","","","","","","","","","","","","","","","","","","","",""
"","","14361","","15/06/2020","","No Schedule","","","","","","","","","","","","","","","","","","","","","","","","","","","","","","","","","","","",""
"","","14047","","15/06/2020","","No Schedule","","","","","","","","","","","","","","","","","","","","","","","","","","","","","","","","","","","",""
"","","14516","","15/06/2020","","No Schedule","","","","","","","","","","","","","","","","","","","","","","","","","","","","","","","","","","","",""
"","","13553","","15/06/2020","","No Schedule","","","","","","","","","","","","","","","","","","","","","","","","","","","","","","","","","","","",""
"","","13809","","15/06/2020","","No Schedule","","","","","","","","","","","","","","","","","","","","","","","","","","","","","","","","","","","",""
"","","13698","","15/06/2020","","No Schedule","","","","","","","","","","","","","","","","","","","","","","","","","","","","","","","","","","","",""
"","","2762","","15/06/2020","","No Schedule","","","","","","","","","","","","","","","","","","","","","","","","","","","","","","","","","","","",""
"","","11051","","15/06/2020","","No Schedule","","","","","","","","","","","","","","","","","","","","","","","","","","","","","","","","","","","",""
"","","14504","","15/06/2020","","No Schedule","","","","","","","","","","","","","","","","","","","","","","","","","","","","","","","","","","","",""
"","","10491","","15/06/2020","","No Schedule","","","","","","","","","","","","","","","","","","","","","","","","","","","","","","","","","","","",""
"","","11415","","15/06/2020","","No Schedule","","","","","","","","","","","","","","","","","","","","","","","","","","","","","","","","","","","",""
"","","13741","","15/06/2020","","No Schedule","","","","","","","","","","","","","","","","","","","","","","","","","","","","","","","","","","","",""
"","","14229","","15/06/2020","","No Schedule","","","","","","","","","","","","","","","","","","","","","","","","","","","","","","","","","","","",""
"","","10975","","15/06/2020","","No Schedule","","","","","","","","","","","","","","","","","","","","","","","","","","","","","","","","","","","",""
"","","6293","","15/06/2020","","No Schedule","","","","","","","","","","","","","","","","","","","","","","","","","","","","","","","","","","","",""
"","","2053","","15/06/2020","","No Schedule","","","","","","","","","","","","","","","","","","","","","","","","","","","","","","","","","","","",""
"","","11012","","15/06/2020","","No Schedule","","","","","","","","","","","","","","","","","","","","","","","","","","","","","","","","","","","",""
"","","13600","","15/06/2020","","No Schedule","","","","","","","","","","","","","","","","","","","","","","","","","","","","","","","","","","","",""
"","","14432","","15/06/2020","","No Schedule","","","","","","","","","","","","","","","","","","","","","","","","","","","","","","","","","","","",""
"","","10977","","15/06/2020","","No Schedule","","","","","","","","","","","","","","","","","","","","","","","","","","","","","","","","","","","",""
"","","14373","","15/06/2020","","No Schedule","","","","","","","","","","","","","","","","","","","","","","","","","","","","","","","","","","","",""
"","","9926","","15/06/2020","","No Schedule","","","","","","","","","","","","","","","","","","","","","","","","","","","","","","","","","","","",""
"","","10401","","15/06/2020","","No Schedule","","","","","","","","","","","","","","","","","","","","","","","","","","","","","","","","","","","",""
"","","11569","","15/06/2020","","No Schedule","","","","","","","","","","","","","","","","","","","","","","","","","","","","","","","","","","","",""
"","","9178","","15/06/2020","","No Schedule","","","","","","","","","","","","","","","","","","","","","","","","","","","","","","","","","","","",""
"","","13264","","15/06/2020","","No Schedule","","","","","","","","","","","","","","","","","","","","","","","","","","","","","","","","","","","",""
"","","9616","","15/06/2020","","No Schedule","","","","","","","","","","","","","","","","","","","","","","","","","","","","","","","","","","","",""
"","","9480","","15/06/2020","","No Schedule","","","","","","","","","","","","","","","","","","","","","","","","","","","","","","","","","","","",""
"","","56","","15/06/2020","","No Schedule","","","","","","","","","","","","","","","","","","","","","","","","","","","","","","","","","","","",""
"","","7217","","15/06/2020","","No Schedule","","","","","","","","","","","","","","","","","","","","","","","","","","","","","","","","","","","",""
"","","1975","","15/06/2020","","No Schedule","","","","","","","","","","","","","","","","","","","","","","","","","","","","","","","","","","","",""
"","","6696","","15/06/2020","","No Schedule","","","","","","","","","","","","","","","","","","","","","","","","","","","","","","","","","","","",""
"","","14533","","15/06/2020","","No Schedule","","","","","","","","","","","","","","","","","","","","","","","","","","","","","","","","","","","",""
"","","14538","","15/06/2020","","No Schedule","","","","","","","","","","","","","","","","","","","","","","","","","","","","","","","","","","","",""
"","","14532","","15/06/2020","","No Schedule","","","","","","","","","","","","","","","","","","","","","","","","","","","","","","","","","","","",""
"","","14536","","15/06/2020","","No Schedule","","","","","","","","","","","","","","","","","","","","","","","","","","","","","","","","","","","",""
"","","14534","","15/06/2020","","No Schedule","","","","","","","","","","","","","","","","","","","","","","","","","","","","","","","","","","","",""
"","","14540","","15/06/2020","","No Schedule","","","","","","","","","","","","","","","","","","","","","","","","","","","","","","","","","","","",""
"","","14543","","15/06/2020","","No Schedule","","","","","","","","","","","","","","","","","","","","","","","","","","","","","","","","","","","",""
"","","14530","","15/06/2020","","No Schedule","","","","","","","","","","","","","","","","","","","","","","","","","","","","","","","","","","","",""
"","","14541","","15/06/2020","","No Schedule","","","","","","","","","","","","","","","","","","","","","","","","","","","","","","","","","","","",""
"","","12927","","15/06/2020","","No Schedule","","","","","","","","","","","","","","","","","","","","","","","","","","","","","","","","","","","",""
"","","12395","","15/06/2020","","No Schedule","","","","","","","","","","","","","","","","","","","","","","","","","","","","","","","","","","","",""
"","","6479","","15/06/2020","","No Schedule","","","","","","","","","","","","","","","","","","","","","","","","","","","","","","","","","","","",""
"","","11879","","15/06/2020","","No Schedule","","","","","","","","","","","","","","","","","","","","","","","","","","","","","","","","","","","",""
"","","14019","","15/06/2020","","No Schedule","","","","","","","","","","","","","","","","","","","","","","","","","","","","","","","","","","","",""
"","","12284","","15/06/2020","","No Schedule","","","","","","","","","","","","","","","","","","","","","","","","","","","","","","","","","","","",""
"","","14553","","15/06/2020","","No Schedule","","","","","","","","","","","","","","","","","","","","","","","","","","","","","","","","","","","",""
"","","14559","","15/06/2020","","No Schedule","","","","","","","","","","","","","","","","","","","","","","","","","","","","","","","","","","","",""
"","","14558","","15/06/2020","","No Schedule","","","","","","","","","","","","","","","","","","","","","","","","","","","","","","","","","","","",""
"","","14556","","15/06/2020","","No Schedule","","","","","","","","","","","","","","","","","","","","","","","","","","","","","","","","","","","",""
"","","14557","","15/06/2020","","No Schedule","","","","","","","","","","","","","","","","","","","","","","","","","","","","","","","","","","","",""
"","","14560","","15/06/2020","","No Schedule","","","","","","","","","","","","","","","","","","","","","","","","","","","","","","","","","","","",""
"","","14561","","15/06/2020","","No Schedule","","","","","","","","","","","","","","","","","","","","","","","","","","","","","","","","","","","",""
"","","14562","","15/06/2020","","No Schedule","","","","","","","","","","","","","","","","","","","","","","","","","","","","","","","","","","","",""
"","","14563","","15/06/2020","","No Schedule","","","","","","","","","","","","","","","","","","","","","","","","","","","","","","","","","","","",""
"","","14565","","15/06/2020","","No Schedule","","","","","","","","","","","","","","","","","","","","","","","","","","","","","","","","","","","",""
"","","14566","","15/06/2020","","No Schedule","","","","","","","","","","","","","","","","","","","","","","","","","","","","","","","","","","","",""
"","","14568","","15/06/2020","","No Schedule","","","","","","","","","","","","","","","","","","","","","","","","","","","","","","","","","","","",""
"","","14569","","15/06/2020","","No Schedule","","","","","","","","","","","","","","","","","","","","","","","","","","","","","","","","","","","",""
"","","14570","","15/06/2020","","No Schedule","","","","","","","","","","","","","","","","","","","","","","","","","","","","","","","","","","","",""
"","","14571","","15/06/2020","","No Schedule","","","","","","","","","","","","","","","","","","","","","","","","","","","","","","","","","","","",""
"","","14574","","15/06/2020","","No Schedule","","","","","","","","","","","","","","","","","","","","","","","","","","","","","","","","","","","",""
"","","14575","","15/06/2020","","No Schedule","","","","","","","","","","","","","","","","","","","","","","","","","","","","","","","","","","","",""
"","","14576","","15/06/2020","","No Schedule","","","","","","","","","","","","","","","","","","","","","","","","","","","","","","","","","","","",""
"","","14577","","15/06/2020","","No Schedule","","","","","","","","","","","","","","","","","","","","","","","","","","","","","","","","","","","",""
"","","14580","","15/06/2020","","No Schedule","","","","","","","","","","","","","","","","","","","","","","","","","","","","","","","","","","","",""
"","","14581","","15/06/2020","","No Schedule","","","","","","","","","","","","","","","","","","","","","","","","","","","","","","","","","","","",""
"","","14582","","15/06/2020","","No Schedule","","","","","","","","","","","","","","","","","","","","","","","","","","","","","","","","","","","",""
"","","14583","","15/06/2020","","No Schedule","","","","","","","","","","","","","","","","","","","","","","","","","","","","","","","","","","","",""
"","","14584","","15/06/2020","","No Schedule","","","","","","","","","","","","","","","","","","","","","","","","","","","","","","","","","","","",""
"","","14585","","15/06/2020","","No Schedule","","","","","","","","","","","","","","","","","","","","","","","","","","","","","","","","","","","",""
"","","14586","","15/06/2020","","No Schedule","","","","","","","","","","","","","","","","","","","","","","","","","","","","","","","","","","","",""
"","","14587","","15/06/2020","","No Schedule","","","","","","","","","","","","","","","","","","","","","","","","","","","","","","","","","","","",""
"","","14588","","15/06/2020","","No Schedule","","","","","","","","","","","","","","","","","","","","","","","","","","","","","","","","","","","",""
"","","14590","","15/06/2020","","No Schedule","","","","","","","","","","","","","","","","","","","","","","","","","","","","","","","","","","","",""
"","","14591","","15/06/2020","","No Schedule","","","","","","","","","","","","","","","","","","","","","","","","","","","","","","","","","","","",""
"","","14216","","15/06/2020","","No Schedule","","","","","","","","","","","","","","","","","","","","","","","","","","","","","","","","","","","",""
"","","10146","","15/06/2020","","No Schedule","","","","","","","","","","","","","","","","","","","","","","","","","","","","","","","","","","","",""
"","","13794","","15/06/2020","","No Schedule","","","","","","","","","","","","","","","","","","","","","","","","","","","","","","","","","","","",""
"","","14379","","15/06/2020","","No Schedule","","","","","","","","","","","","","","","","","","","","","","","","","","","","","","","","","","","",""
"","","14319","","15/06/2020","","No Schedule","","","","","","","","","","","","","","","","","","","","","","","","","","","","","","","","","","","",""
"","","14564","","15/06/2020","","No Schedule","","","","","","","","","","","","","","","","","","","","","","","","","","","","","","","","","","","",""
"","","13729","","15/06/2020","","No Schedule","","","","","","","","","","","","","","","","","","","","","","","","","","","","","","","","","","","",""
"","","14592","","15/06/2020","","No Schedule","","","","","","","","","","","","","","","","","","","","","","","","","","","","","","","","","","","",""
"","","14375","","15/06/2020","","No Schedule","","","","","","","","","","","","","","","","","","","","","","","","","","","","","","","","","","","",""
"","","14531","","15/06/2020","","No Schedule","","","","","","","","","","","","","","","","","","","","","","","","","","","","","","","","","","","",""
"","","11018","","15/06/2020","","No Schedule","","","","","","","","","","","","","","","","","","","","","","","","","","","","","","","","","","","",""
"","","14600","","15/06/2020","","No Schedule","","","","","","","","","","","","","","","","","","","","","","","","","","","","","","","","","","","",""
"","","14613","","15/06/2020","","No Schedule","","","","","","","","","","","","","","","","","","","","","","","","","","","","","","","","","","","",""
"","","14594","","15/06/2020","","No Schedule","","","","","","","","","","","","","","","","","","","","","","","","","","","","","","","","","","","",""
"","","14617","","15/06/2020","","No Schedule","","","","","","","","","","","","","","","","","","","","","","","","","","","","","","","","","","","",""
"","","14610","","15/06/2020","","No Schedule","","","","","","","","","","","","","","","","","","","","","","","","","","","","","","","","","","","",""
"","","14601","","15/06/2020","","No Schedule","","","","","","","","","","","","","","","","","","","","","","","","","","","","","","","","","","","",""
"","","14607","","15/06/2020","","No Schedule","","","","","","","","","","","","","","","","","","","","","","","","","","","","","","","","","","","",""
"","","14599","","15/06/2020","","No Schedule","","","","","","","","","","","","","","","","","","","","","","","","","","","","","","","","","","","",""
"","","14616","","15/06/2020","","No Schedule","","","","","","","","","","","","","","","","","","","","","","","","","","","","","","","","","","","",""
"","","14597","","15/06/2020","","No Schedule","","","","","","","","","","","","","","","","","","","","","","","","","","","","","","","","","","","",""
"","","14596","","15/06/2020","","No Schedule","","","","","","","","","","","","","","","","","","","","","","","","","","","","","","","","","","","",""
"","","14612","","15/06/2020","","No Schedule","","","","","","","","","","","","","","","","","","","","","","","","","","","","","","","","","","","",""
"","","14608","","15/06/2020","","No Schedule","","","","","","","","","","","","","","","","","","","","","","","","","","","","","","","","","","","",""
"","","14602","","15/06/2020","","No Schedule","","","","","","","","","","","","","","","","","","","","","","","","","","","","","","","","","","","",""
"","","14618","","15/06/2020","","No Schedule","","","","","","","","","","","","","","","","","","","","","","","","","","","","","","","","","","","",""
"","","14611","","15/06/2020","","No Schedule","","","","","","","","","","","","","","","","","","","","","","","","","","","","","","","","","","","",""
"","","14615","","15/06/2020","","No Schedule","","","","","","","","","","","","","","","","","","","","","","","","","","","","","","","","","","","",""
"","","14603","","15/06/2020","","No Schedule","","","","","","","","","","","","","","","","","","","","","","","","","","","","","","","","","","","",""
"","","14609","","15/06/2020","","No Schedule","","","","","","","","","","","","","","","","","","","","","","","","","","","","","","","","","","","",""
"","","14598","","15/06/2020","","No Schedule","","","","","","","","","","","","","","","","","","","","","","","","","","","","","","","","","","","",""
"","","14604","","15/06/2020","","No Schedule","","","","","","","","","","","","","","","","","","","","","","","","","","","","","","","","","","","",""
"","","14605","","15/06/2020","","No Schedule","","","","","","","","","","","","","","","","","","","","","","","","","","","","","","","","","","","",""
"","","14595","","15/06/2020","","No Schedule","","","","","","","","","","","","","","","","","","","","","","","","","","","","","","","","","","","",""
"","","14606","","15/06/2020","","No Schedule","","","","","","","","","","","","","","","","","","","","","","","","","","","","","","","","","","","",""
"","","14614","","15/06/2020","","No Schedule","","","","","","","","","","","","","","","","","","","","","","","","","","","","","","","","","","","",""
"","","14593","","15/06/2020","","No Schedule","","","","","","","","","","","","","","","","","","","","","","","","","","","","","","","","","","","",""
"","","14496","","15/06/2020","","No Schedule","","","","","","","","","","","","","","","","","","","","","","","","","","","","","","","","","","","",""
"","","13692","","15/06/2020","","No Schedule","","","","","","","","","","","","","","","","","","","","","","","","","","","","","","","","","","","",""
"","","14629","","15/06/2020","","No Schedule","","","","","","","","","","","","","","","","","","","","","","","","","","","","","","","","","","","",""
"","","14630","","15/06/2020","","No Schedule","","","","","","","","","","","","","","","","","","","","","","","","","","","","","","","","","","","",""
"","","14632","","15/06/2020","","No Schedule","","","","","","","","","","","","","","","","","","","","","","","","","","","","","","","","","","","",""
"","","14627","","15/06/2020","","No Schedule","","","","","","","","","","","","","","","","","","","","","","","","","","","","","","","","","","","",""
"","","14637","","15/06/2020","","No Schedule","","","","","","","","","","","","","","","","","","","","","","","","","","","","","","","","","","","",""
"","","14623","","15/06/2020","","No Schedule","","","","","","","","","","","","","","","","","","","","","","","","","","","","","","","","","","","",""
"","","14636","","15/06/2020","","No Schedule","","","","","","","","","","","","","","","","","","","","","","","","","","","","","","","","","","","",""
"","","14621","","15/06/2020","","No Schedule","","","","","","","","","","","","","","","","","","","","","","","","","","","","","","","","","","","",""
"","","14622","","15/06/2020","","No Schedule","","","","","","","","","","","","","","","","","","","","","","","","","","","","","","","","","","","",""
"","","14626","","15/06/2020","","No Schedule","","","","","","","","","","","","","","","","","","","","","","","","","","","","","","","","","","","",""
"","","14634","","15/06/2020","","No Schedule","","","","","","","","","","","","","","","","","","","","","","","","","","","","","","","","","","","",""
"","","14631","","15/06/2020","","No Schedule","","","","","","","","","","","","","","","","","","","","","","","","","","","","","","","","","","","",""
"","","14619","","15/06/2020","","No Schedule","","","","","","","","","","","","","","","","","","","","","","","","","","","","","","","","","","","",""
"","","14624","","15/06/2020","","No Schedule","","","","","","","","","","","","","","","","","","","","","","","","","","","","","","","","","","","",""
"","","14638","","15/06/2020","","No Schedule","","","","","","","","","","","","","","","","","","","","","","","","","","","","","","","","","","","",""
"","","14633","","15/06/2020","","No Schedule","","","","","","","","","","","","","","","","","","","","","","","","","","","","","","","","","","","",""
"","","14625","","15/06/2020","","No Schedule","","","","","","","","","","","","","","","","","","","","","","","","","","","","","","","","","","","",""
"","","14628","","15/06/2020","","No Schedule","","","","","","","","","","","","","","","","","","","","","","","","","","","","","","","","","","","",""
"","","14620","","15/06/2020","","No Schedule","","","","","","","","","","","","","","","","","","","","","","","","","","","","","","","","","","","",""
"","","14635","","15/06/2020","","No Schedule","","","","","","","","","","","","","","","","","","","","","","","","","","","","","","","","","","","",""
"","","11881","","15/06/2020","","No Schedule","","","","","","","","","","","","","","","","","","","","","","","","","","","","","","","","","","","",""
"","","14639","","15/06/2020","","No Schedule","","","","","","","","","","","","","","","","","","","","","","","","","","","","","","","","","","","",""
"","","14645","","15/06/2020","","No Schedule","","","","","","","","","","","","","","","","","","","","","","","","","","","","","","","","","","","",""
"","","14646","","15/06/2020","","No Schedule","","","","","","","","","","","","","","","","","","","","","","","","","","","","","","","","","","","",""
"","","14647","","15/06/2020","","No Schedule","","","","","","","","","","","","","","","","","","","","","","","","","","","","","","","","","","","",""
"","","14648","","15/06/2020","","No Schedule","","","","","","","","","","","","","","","","","","","","","","","","","","","","","","","","","","","",""
"","","14651","","15/06/2020","","No Schedule","","","","","","","","","","","","","","","","","","","","","","","","","","","","","","","","","","","",""
"","","14652","","15/06/2020","","No Schedule","","","","","","","","","","","","","","","","","","","","","","","","","","","","","","","","","","","",""
"","","14640","","15/06/2020","","No Schedule","","","","","","","","","","","","","","","","","","","","","","","","","","","","","","","","","","","",""
"","","14641","","15/06/2020","","No Schedule","","","","","","","","","","","","","","","","","","","","","","","","","","","","","","","","","","","",""
"","","14642","","15/06/2020","","No Schedule","","","","","","","","","","","","","","","","","","","","","","","","","","","","","","","","","","","",""
"","","14643","","15/06/2020","","No Schedule","","","","","","","","","","","","","","","","","","","","","","","","","","","","","","","","","","","",""
"","","14644","","15/06/2020","","No Schedule","","","","","","","","","","","","","","","","","","","","","","","","","","","","","","","","","","","",""
"","","14653","","15/06/2020","","No Schedule","","","","","","","","","","","","","","","","","","","","","","","","","","","","","","","","","","","",""
"","","14660","","15/06/2020","","No Schedule","","","","","","","","","","","","","","","","","","","","","","","","","","","","","","","","","","","",""
"","","14661","","15/06/2020","","No Schedule","","","","","","","","","","","","","","","","","","","","","","","","","","","","","","","","","","","",""
"","","14654","","15/06/2020","","No Schedule","","","","","","","","","","","","","","","","","","","","","","","","","","","","","","","","","","","",""
"","","14655","","15/06/2020","","No Schedule","","","","","","","","","","","","","","","","","","","","","","","","","","","","","","","","","","","",""
"","","14656","","15/06/2020","","No Schedule","","","","","","","","","","","","","","","","","","","","","","","","","","","","","","","","","","","",""
"","","14657","","15/06/2020","","No Schedule","","","","","","","","","","","","","","","","","","","","","","","","","","","","","","","","","","","",""
"","","14658","","15/06/2020","","No Schedule","","","","","","","","","","","","","","","","","","","","","","","","","","","","","","","","","","","",""
"","","14659","","15/06/2020","","No Schedule","","","","","","","","","","","","","","","","","","","","","","","","","","","","","","","","","","","",""
"","","9840","","15/06/2020","","No Schedule","","","","","","","","","","","","","","","","","","","","","","","","","","","","","","","","","","","",""
"","","14671","","15/06/2020","","No Schedule","","","","","","","","","","","","","","","","","","","","","","","","","","","","","","","","","","","",""
"","","14662","","15/06/2020","","No Schedule","","","","","","","","","","","","","","","","","","","","","","","","","","","","","","","","","","","",""
"","","14679","","15/06/2020","","No Schedule","","","","","","","","","","","","","","","","","","","","","","","","","","","","","","","","","","","",""
"","","14678","","15/06/2020","","No Schedule","","","","","","","","","","","","","","","","","","","","","","","","","","","","","","","","","","","",""
"","","14674","","15/06/2020","","No Schedule","","","","","","","","","","","","","","","","","","","","","","","","","","","","","","","","","","","",""
"","","14681","","15/06/2020","","No Schedule","","","","","","","","","","","","","","","","","","","","","","","","","","","","","","","","","","","",""
"","","14667","","15/06/2020","","No Schedule","","","","","","","","","","","","","","","","","","","","","","","","","","","","","","","","","","","",""
"","","14683","","15/06/2020","","No Schedule","","","","","","","","","","","","","","","","","","","","","","","","","","","","","","","","","","","",""
"","","14677","","15/06/2020","","No Schedule","","","","","","","","","","","","","","","","","","","","","","","","","","","","","","","","","","","",""
"","","14664","","15/06/2020","","No Schedule","","","","","","","","","","","","","","","","","","","","","","","","","","","","","","","","","","","",""
"","","14663","","15/06/2020","","No Schedule","","","","","","","","","","","","","","","","","","","","","","","","","","","","","","","","","","","",""
"","","14682","","15/06/2020","","No Schedule","","","","","","","","","","","","","","","","","","","","","","","","","","","","","","","","","","","",""
"","","14665","","15/06/2020","","No Schedule","","","","","","","","","","","","","","","","","","","","","","","","","","","","","","","","","","","",""
"","","14672","","15/06/2020","","No Schedule","","","","","","","","","","","","","","","","","","","","","","","","","","","","","","","","","","","",""
"","","14673","","15/06/2020","","No Schedule","","","","","","","","","","","","","","","","","","","","","","","","","","","","","","","","","","","",""
"","","14670","","15/06/2020","","No Schedule","","","","","","","","","","","","","","","","","","","","","","","","","","","","","","","","","","","",""
"","","14686","","15/06/2020","","No Schedule","","","","","","","","","","","","","","","","","","","","","","","","","","","","","","","","","","","",""
"","","14687","","15/06/2020","","No Schedule","","","","","","","","","","","","","","","","","","","","","","","","","","","","","","","","","","","",""
"","","14680","","15/06/2020","","No Schedule","","","","","","","","","","","","","","","","","","","","","","","","","","","","","","","","","","","",""
"","","14685","","15/06/2020","","No Schedule","","","","","","","","","","","","","","","","","","","","","","","","","","","","","","","","","","","",""
"","","14675","","15/06/2020","","No Schedule","","","","","","","","","","","","","","","","","","","","","","","","","","","","","","","","","","","",""
"","","14666","","15/06/2020","","No Schedule","","","","","","","","","","","","","","","","","","","","","","","","","","","","","","","","","","","",""
"","","14669","","15/06/2020","","No Schedule","","","","","","","","","","","","","","","","","","","","","","","","","","","","","","","","","","","",""
"","","14684","","15/06/2020","","No Schedule","","","","","","","","","","","","","","","","","","","","","","","","","","","","","","","","","","","",""
"","","14668","","15/06/2020","","No Schedule","","","","","","","","","","","","","","","","","","","","","","","","","","","","","","","","","","","",""
"","","14676","","15/06/2020","","No Schedule","","","","","","","","","","","","","","","","","","","","","","","","","","","","","","","","","","","",""
"","","14480","","15/06/2020","","No Schedule","","","","","","","","","","","","","","","","","","","","","","","","","","","","","","","","","","","",""
"","","14309","","15/06/2020","","No Schedule","","","","","","","","","","","","","","","","","","","","","","","","","","","","","","","","","","","",""
"","","14650","","15/06/2020","","No Schedule","","","","","","","","","","","","","","","","","","","","","","","","","","","","","","","","","","","",""
"","","14688","","15/06/2020","","No Schedule","","","","","","","","","","","","","","","","","","","","","","","","","","","","","","","","","","","",""
"","","14689","","15/06/2020","","No Schedule","","","","","","","","","","","","","","","","","","","","","","","","","","","","","","","","","","","",""
"","","12605","","15/06/2020","","No Schedule","","","","","","","","","","","","","","","","","","","","","","","","","","","","","","","","","","","",""
"","","13696","","15/06/2020","","No Schedule","","","","","","","","","","","","","","","","","","","","","","","","","","","","","","","","","","","",""
"","","14499","","15/06/2020","","No Schedule","","","","","","","","","","","","","","","","","","","","","","","","","","","","","","","","","","","",""
"","","14649","","15/06/2020","","No Schedule","","","","","","","","","","","","","","","","","","","","","","","","","","","","","","","","","","","",""
"","","14690","","15/06/2020","","No Schedule","","","","","","","","","","","","","","","","","","","","","","","","","","","","","","","","","","","",""
"","","14692","","15/06/2020","","No Schedule","","","","","","","","","","","","","","","","","","","","","","","","","","","","","","","","","","","",""
"","","14691","","15/06/2020","","No Schedule","","","","","","","","","","","","","","","","","","","","","","","","","","","","","","","","","","","",""
"","","14693","","15/06/2020","","No Schedule","","","","","","","","","","","","","","","","","","","","","","","","","","","","","","","","","","","",""
"","","14694","","15/06/2020","","No Schedule","","","","","","","","","","","","","","","","","","","","","","","","","","","","","","","","","","","",""
"","","14695","","15/06/2020","","No Schedule","","","","","","","","","","","","","","","","","","","","","","","","","","","","","","","","","","","",""
"","","14696","","15/06/2020","","No Schedule","","","","","","","","","","","","","","","","","","","","","","","","","","","","","","","","","","","",""
"","","14697","","15/06/2020","","No Schedule","","","","","","","","","","","","","","","","","","","","","","","","","","","","","","","","","","","",""
"","","14698","","15/06/2020","","No Schedule","","","","","","","","","","","","","","","","","","","","","","","","","","","","","","","","","","","",""
"","","14699","","15/06/2020","","No Schedule","","","","","","","","","","","","","","","","","","","","","","","","","","","","","","","","","","","",""
"","","14700","","15/06/2020","","No Schedule","","","","","","","","","","","","","","","","","","","","","","","","","","","","","","","","","","","",""
"","","14701","","15/06/2020","","No Schedule","","","","","","","","","","","","","","","","","","","","","","","","","","","","","","","","","","","",""
"","","14702","","15/06/2020","","No Schedule","","","","","","","","","","","","","","","","","","","","","","","","","","","","","","","","","","","",""
"","","14703","","15/06/2020","","No Schedule","","","","","","","","","","","","","","","","","","","","","","","","","","","","","","","","","","","",""
"","","14704","","15/06/2020","","No Schedule","","","","","","","","","","","","","","","","","","","","","","","","","","","","","","","","","","","",""
"","","14705","","15/06/2020","","No Schedule","","","","","","","","","","","","","","","","","","","","","","","","","","","","","","","","","","","",""
"","","14706","","15/06/2020","","No Schedule","","","","","","","","","","","","","","","","","","","","","","","","","","","","","","","","","","","",""
"","","14707","","15/06/2020","","No Schedule","","","","","","","","","","","","","","","","","","","","","","","","","","","","","","","","","","","",""
"","","13323","","15/06/2020","","No Schedule","","","","","","","","","","","","","","","","","","","","","","","","","","","","","","","","","","","",""
